station,phase,distance_km,azimuth,residual_s,weight,used
CI.MPM,P,38.9833,357.908,-1.62309,1,1
CI.LRL,P,31.6303,216.735,-0.000363636,1,1
CI.DAW,P,63.6038,350.35,-2.08738,1,1
CI.WMF,P,57.0944,323.09,3.338,1,1
CI.EDW2,P,103.346,207.363,-0.0635899,1,1
CI.ADO,P,128.719,178.399,0.668156,1,1
CI.HEC,P,142.173,133.054,1.34031,1,1
