station,phase,distance_km,azimuth,residual_s,weight,used
CI.SLA,P,29.5552,68.9468,-0.000765068,0.5625,1
CI.WBM,P,34.2494,232.612,0.113203,1,1
CI.DAW,P,52.8954,359.746,0.0246844,1,1
CI.ADO,P,139.192,174.124,-0.0747422,1,1
