station,phase,travel_time_s,snr,quality,distance_km
IU.ULN,P,-6.1305,6.38345,2,1877.1
IC.BJT,P,-5.3305,7.56083,2,1093.69
IU.INCN,P,-4.1805,5.30229,2,477.077
IU.MAJO,P,-3.1555,5.88895,2,954.775
JP.JMM,P,4.45,8.6464,2,1077.38
IU.TATO,P,31.9195,3.03462,2,1948.78
IC.MDJ,P,44.8695,11.2057,1,366.929
KS.BUS2,P,49.1195,3.53636,2,677.699
IC.SSE,P,75.2195,3.31826,2,1338.09
KS.SEO2,P,76.4695,9.67986,2,465.054
II.ERM,P,88.1695,7.79973,2,1173.8
